N,time,num_iter
8,0.000165,10
16,0.001041,10
