N,time,num iter
8,0.877236,100
16,4.172185,100
32,13.912590,100
64,-7.968309,100
128,20.385806,100
