N,time,num iter
4,0.012270,79
8,0.076803,215
16,0.737514,578
32,7.197663,1433
64,248.338108,2622
128,297.793319,1526
