N,time,numiter
8,0.000192,10
16,0.001021,10
